Device Type,Price Range (INR),Recommended For,Key Features
Budget Android Tablet,"8,000 - 15,000",Basic training access,"9-10 inch screen, WiFi"
Mid-range Android Tablet,"15,000 - 30,000",Full app functionality,"10+ inch, good processor"
iPad (Basic),"30,000 - 45,000",Premium user experience,"Premium build, long support"
Rugged Kitchen Tablet,"25,000 - 50,000",Kitchen environment,Water/grease resistant
Desktop Computer,"20,000 - 40,000",Admin/management use,"Large screen, full features"
Smartphone (Android/iOS),Staff personal devices,Quick reference only,Mobile-optimized view
