Hosting Provider,Monthly Cost (INR),Storage Space,Bandwidth,Best For,Support
GitHub Pages (Free),0,1GB (per repo),100GB/month,"Static sites, PWAs",Community
Netlify (Free),0,100GB,100GB/month,Modern web apps,Email/Community
MilesWeb Free,0,500MB,5GB/month,Small projects,24/7
MyGlobalHost Free,1,250MB,2GB/month,Learning/testing,Limited
HostingRaja Basic,64,20GB NVMe,20GB/month,Small business,24/7
BigRock Shared,79,Unlimited,Unlimited,Growing business,24/7
Webeyesoft Basic,29,Varies,Varies,Budget hosting,Email/Chat
Host.co.in Nano,59,1 Website,Limited,Personal sites,Basic
